material,categoria,sku,precio,imagenes,carpeta
Oro 18k,Anillos,10000,110000,2,Catalogo Oro\Anillos\10000
Oro 18k,Anillos,13050,105000,3,Catalogo Oro\Anillos\13050
Oro 18k,Anillos,13101,105000,3,Catalogo Oro\Anillos\13101
Oro 18k,Anillos,13045,105000,3,Catalogo Oro\Anillos\13045
Oro 18k,Anillos,13030,135000,5,Catalogo Oro\Anillos\13030
Oro 18k,Anillos,13059,105000,3,Catalogo Oro\Anillos\13059
Oro 18k,Anillos,13061,115000,3,Catalogo Oro\Anillos\13061
Oro 18k,Anillos,13098,115000,4,Catalogo Oro\Anillos\13098
Oro 18k,Anillos,13060,105000,2,Catalogo Oro\Anillos\13060
Oro 18k,Anillos,13054,105000,2,Catalogo Oro\Anillos\13054
Oro 18k,Anillos,13009-T10,80000,6,Catalogo Oro\Anillos\13009-T10
Oro 18k,Anillos,13062,105000,4,Catalogo Oro\Anillos\13062
Oro 18k,Anillos,13046,105000,3,Catalogo Oro\Anillos\13046
Oro 18k,Anillos,13049,105000,3,Catalogo Oro\Anillos\13049
Oro 18k,Anillos,13102,105000,3,Catalogo Oro\Anillos\13102
Oro 18k,Anillos,13009-T5.5,80000,6,Catalogo Oro\Anillos\13009-T5.5
Oro 18k,Anillos,13104,115000,2,Catalogo Oro\Anillos\13104
Oro 18k,Anillos,13100,105000,4,Catalogo Oro\Anillos\13100
Oro 18k,Anillos,13065,115000,3,Catalogo Oro\Anillos\13065
Oro 18k,Anillos,13105,105000,2,Catalogo Oro\Anillos\13105
Oro 18k,Anillos,13009-T5,80000,6,Catalogo Oro\Anillos\13009-T5
Oro 18k,Anillos,13064,115000,3,Catalogo Oro\Anillos\13064
Oro 18k,Anillos,13052,105000,2,Catalogo Oro\Anillos\13052
Oro 18k,Anillos,13047,105000,3,Catalogo Oro\Anillos\13047
Oro 18k,Anillos,13053,105000,2,Catalogo Oro\Anillos\13053
Oro 18k,Anillos,13068,115000,4,Catalogo Oro\Anillos\13068
Oro 18k,Anillos,13048,105000,3,Catalogo Oro\Anillos\13048
Oro 18k,Aretes,35000,95000,1,Catalogo Oro\Aretes\35000
Oro 18k,Aretes,35006,95000,1,Catalogo Oro\Aretes\35006
Oro 18k,Aretes,35005,95000,1,Catalogo Oro\Aretes\35005
Oro 18k,Aretes,35004,95000,1,Catalogo Oro\Aretes\35004
Oro 18k,Aretes,35008,95000,1,Catalogo Oro\Aretes\35008
Oro 18k,Aretes,35007,95000,1,Catalogo Oro\Aretes\35007
Oro 18k,Aretes,35011,95000,1,Catalogo Oro\Aretes\35011
Oro 18k,Aretes,35010,95000,1,Catalogo Oro\Aretes\35010
Oro 18k,Aretes,35002,95000,1,Catalogo Oro\Aretes\35002
Oro 18k,Aretes,35001,95000,1,Catalogo Oro\Aretes\35001
Oro 18k,Aretes,35012,95000,1,Catalogo Oro\Aretes\35012
Oro 18k,Aretes,35009,95000,1,Catalogo Oro\Aretes\35009
Oro 18k,Aretes,34217,65000,4,Catalogo Oro\Aretes\34217
Oro 18k,Aretes,34192,80000,3,Catalogo Oro\Aretes\34192
Oro 18k,Aretes,34230,65000,3,Catalogo Oro\Aretes\34230
Oro 18k,Aretes,30008,55000,3,Catalogo Oro\Aretes\30008
Oro 18k,Aretes,30024,80000,1,Catalogo Oro\Aretes\30024
Oro 18k,Aretes,34034-VERDE,40000,3,Catalogo Oro\Aretes\34034-VERDE
Oro 18k,Aretes,30030,70000,3,Catalogo Oro\Aretes\30030
Oro 18k,Aretes,30037,60000,3,Catalogo Oro\Aretes\30037
Oro 18k,Aretes,34284,70000,3,Catalogo Oro\Aretes\34284
Oro 18k,Aretes,34219,65000,4,Catalogo Oro\Aretes\34219
Oro 18k,Aretes,30014,75000,3,Catalogo Oro\Aretes\30014
Oro 18k,Aretes,34256,80000,3,Catalogo Oro\Aretes\34256
Oro 18k,Aretes,34269,65000,3,Catalogo Oro\Aretes\34269
Oro 18k,Aretes,34214,50000,4,Catalogo Oro\Aretes\34214
Oro 18k,Aretes,30001,70000,3,Catalogo Oro\Aretes\30001
Oro 18k,Aretes,33022-NEGRO,50000,10,Catalogo Oro\Aretes\33022-NEGRO
Oro 18k,Aretes,33023-NEGRO,50000,4,Catalogo Oro\Aretes\33023-NEGRO
Oro 18k,Aretes,34067,70000,3,Catalogo Oro\Aretes\34067
Oro 18k,Aretes,34249,70000,3,Catalogo Oro\Aretes\34249
Oro 18k,Aretes,34278-VERDE,75000,3,Catalogo Oro\Aretes\34278-VERDE
Oro 18k,Aretes,34102,60000,3,Catalogo Oro\Aretes\34102
Oro 18k,Aretes,34272,60000,2,Catalogo Oro\Aretes\34272
Oro 18k,Aretes,34168,60000,4,Catalogo Oro\Aretes\34168
Oro 18k,Aretes,34245,70000,3,Catalogo Oro\Aretes\34245
Oro 18k,Aretes,34185,70000,5,Catalogo Oro\Aretes\34185
Oro 18k,Aretes,34159,95000,5,Catalogo Oro\Aretes\34159
Oro 18k,Aretes,34003,70000,3,Catalogo Oro\Aretes\34003
Oro 18k,Aretes,34475,80000,5,Catalogo Oro\Aretes\34475
Oro 18k,Aretes,30090,90000,3,Catalogo Oro\Aretes\30090
Oro 18k,Aretes,34257,80000,3,Catalogo Oro\Aretes\34257
Oro 18k,Aretes,34281,80000,3,Catalogo Oro\Aretes\34281
Oro 18k,Aretes,34107-VERDE,65000,3,Catalogo Oro\Aretes\34107-VERDE
Oro 18k,Aretes,34279,65000,3,Catalogo Oro\Aretes\34279
Oro 18k,Aretes,34080,65000,4,Catalogo Oro\Aretes\34080
Oro 18k,Aretes,34167,70000,3,Catalogo Oro\Aretes\34167
Oro 18k,Aretes,34215,55000,4,Catalogo Oro\Aretes\34215
Oro 18k,Aretes,34273,60000,3,Catalogo Oro\Aretes\34273
Oro 18k,Aretes,34282,80000,3,Catalogo Oro\Aretes\34282
Oro 18k,Aretes,34202,50000,3,Catalogo Oro\Aretes\34202
Oro 18k,Aretes,30003,35000,3,Catalogo Oro\Aretes\30003
Oro 18k,Aretes,34112,80000,3,Catalogo Oro\Aretes\34112
Oro 18k,Aretes,34306,75000,3,Catalogo Oro\Aretes\34306
Oro 18k,Aretes,34275,75000,3,Catalogo Oro\Aretes\34275
Oro 18k,Aretes,34296,80000,2,Catalogo Oro\Aretes\34296
Oro 18k,Aretes,34199,70000,3,Catalogo Oro\Aretes\34199
Oro 18k,Aretes,30033,70000,3,Catalogo Oro\Aretes\30033
Oro 18k,Aretes,34305,70000,3,Catalogo Oro\Aretes\34305
Oro 18k,Aretes,34247,70000,3,Catalogo Oro\Aretes\34247
Oro 18k,Aretes,34111,80000,4,Catalogo Oro\Aretes\34111
Oro 18k,Aretes,34193,50000,3,Catalogo Oro\Aretes\34193
Oro 18k,Aretes,34292,75000,3,Catalogo Oro\Aretes\34292
Oro 18k,Aretes,34196,90000,3,Catalogo Oro\Aretes\34196
Oro 18k,Aretes,34195,80000,3,Catalogo Oro\Aretes\34195
Oro 18k,Aretes,34110,50000,3,Catalogo Oro\Aretes\34110
Oro 18k,Aretes,30032,75000,1,Catalogo Oro\Aretes\30032
Oro 18k,Aretes,34248,70000,3,Catalogo Oro\Aretes\34248
Oro 18k,Aretes,34278-CRISTAL,75000,3,Catalogo Oro\Aretes\34278-CRISTAL
Oro 18k,Aretes,30023,75000,1,Catalogo Oro\Aretes\30023
Oro 18k,Aretes,34189,95000,3,Catalogo Oro\Aretes\34189
Oro 18k,Aretes,34252,70000,4,Catalogo Oro\Aretes\34252
Oro 18k,Aretes,34107-CRISTAL,65000,3,Catalogo Oro\Aretes\34107-CRISTAL
Oro 18k,Aretes,30406,55000,4,Catalogo Oro\Aretes\30406
Oro 18k,Aretes,34714,60000,2,Catalogo Oro\Aretes\34714
Oro 18k,Aretes,34165,95000,5,Catalogo Oro\Aretes\34165
Oro 18k,Aretes,34713,65000,2,Catalogo Oro\Aretes\34713
Oro 18k,Aretes,30019,80000,2,Catalogo Oro\Aretes\30019
Oro 18k,Aretes,34307,75000,3,Catalogo Oro\Aretes\34307
Oro 18k,Aretes,34274,70000,3,Catalogo Oro\Aretes\34274
Oro 18k,Aretes,34304,95000,3,Catalogo Oro\Aretes\34304
Oro 18k,Aretes,34303,75000,3,Catalogo Oro\Aretes\34303
Oro 18k,Aretes,34157,95000,3,Catalogo Oro\Aretes\34157
Oro 18k,Aretes,30018,70000,3,Catalogo Oro\Aretes\30018
Oro 18k,Aretes,34209,60000,4,Catalogo Oro\Aretes\34209
Oro 18k,Aretes,34035,70000,4,Catalogo Oro\Aretes\34035
Oro 18k,Aretes,34238,65000,3,Catalogo Oro\Aretes\34238
Oro 18k,Aretes,30009,70000,3,Catalogo Oro\Aretes\30009
Oro 18k,Aretes,34280,60000,2,Catalogo Oro\Aretes\34280
Oro 18k,Aretes,34301,75000,3,Catalogo Oro\Aretes\34301
Oro 18k,Aretes,34262,60000,2,Catalogo Oro\Aretes\34262
Oro 18k,Aretes,34268,60000,3,Catalogo Oro\Aretes\34268
Oro 18k,Aretes,33023-ROSA,50000,4,Catalogo Oro\Aretes\33023-ROSA
Oro 18k,Aretes,34285,75000,2,Catalogo Oro\Aretes\34285
Oro 18k,Aretes,34139,80000,2,Catalogo Oro\Aretes\34139
Oro 18k,Aretes,33023-ROJO,50000,3,Catalogo Oro\Aretes\33023-ROJO
Oro 18k,Aretes,30010,70000,3,Catalogo Oro\Aretes\30010
Oro 18k,Aretes,30408,65000,4,Catalogo Oro\Aretes\30408
Oro 18k,Aretes,34184,65000,5,Catalogo Oro\Aretes\34184
Oro 18k,Aretes,30021,100000,2,Catalogo Oro\Aretes\30021
Oro 18k,Aretes,34312,80000,3,Catalogo Oro\Aretes\34312
Oro 18k,Aretes,34183,60000,5,Catalogo Oro\Aretes\34183
Oro 18k,Aretes,34264,65000,2,Catalogo Oro\Aretes\34264
Oro 18k,Aretes,34254,70000,3,Catalogo Oro\Aretes\34254
Oro 18k,Aretes,34012,55000,5,Catalogo Oro\Aretes\34012
Oro 18k,Aretes,30011,80000,3,Catalogo Oro\Aretes\30011
Oro 18k,Aretes,34712,65000,5,Catalogo Oro\Aretes\34712
Oro 18k,Aretes,34246,70000,4,Catalogo Oro\Aretes\34246
Oro 18k,Aretes,30041,70000,3,Catalogo Oro\Aretes\30041
Oro 18k,Aretes,30040,75000,2,Catalogo Oro\Aretes\30040
Oro 18k,Aretes,34134,95000,4,Catalogo Oro\Aretes\34134
Oro 18k,Aretes,34283,85000,3,Catalogo Oro\Aretes\34283
Oro 18k,Aretes,30404,50000,4,Catalogo Oro\Aretes\30404
Oro 18k,Aretes,34302,80000,3,Catalogo Oro\Aretes\34302
Oro 18k,Aretes,33021-ROJO,50000,5,Catalogo Oro\Aretes\33021-ROJO
Oro 18k,Aretes,34113,80000,5,Catalogo Oro\Aretes\34113
Oro 18k,Aretes,34179,75000,3,Catalogo Oro\Aretes\34179
Oro 18k,Aretes,30016,80000,2,Catalogo Oro\Aretes\30016
Oro 18k,Aretes,30026,70000,2,Catalogo Oro\Aretes\30026
Oro 18k,Aretes,30002,60000,2,Catalogo Oro\Aretes\30002
Oro 18k,Aretes,34188,70000,3,Catalogo Oro\Aretes\34188
Oro 18k,Aretes,34009-ROSA,45000,3,Catalogo Oro\Aretes\34009-ROSA
Oro 18k,Cadenas,45016,105000,5,Catalogo Oro\Cadenas\45016
Oro 18k,Cadenas,44930,115000,4,Catalogo Oro\Cadenas\44930
Oro 18k,Cadenas,45061,115000,3,Catalogo Oro\Cadenas\45061
Oro 18k,Cadenas,45158,115000,1,Catalogo Oro\Cadenas\45158
Oro 18k,Cadenas,46033,465000,3,Catalogo Oro\Cadenas\46033
Oro 18k,Cadenas,42108,175000,4,Catalogo Oro\Cadenas\42108
Oro 18k,Cadenas,45026,215000,3,Catalogo Oro\Cadenas\45026
Oro 18k,Cadenas,45038,455000,3,Catalogo Oro\Cadenas\45038
Oro 18k,Cadenas,45036,335000,2,Catalogo Oro\Cadenas\45036
Oro 18k,Cadenas,44468,335000,7,Catalogo Oro\Cadenas\44468
Oro 18k,Cadenas,45078,265000,2,Catalogo Oro\Cadenas\45078
Oro 18k,Cadenas,44936,135000,4,Catalogo Oro\Cadenas\44936
Oro 18k,Cadenas,44833,215000,4,Catalogo Oro\Cadenas\44833
Oro 18k,Cadenas,41413,155000,4,Catalogo Oro\Cadenas\41413
Oro 18k,Cadenas,44873,175000,5,Catalogo Oro\Cadenas\44873
Oro 18k,Cadenas,45028,295000,3,Catalogo Oro\Cadenas\45028
Oro 18k,Cadenas,44000,175000,4,Catalogo Oro\Cadenas\44000
Oro 18k,Cadenas,45303,295000,3,Catalogo Oro\Cadenas\45303
Oro 18k,Cadenas,45308,415000,3,Catalogo Oro\Cadenas\45308
Oro 18k,Cadenas,43788,415000,3,Catalogo Oro\Cadenas\43788
Oro 18k,Cadenas,45761,115000,3,Catalogo Oro\Cadenas\45761
Oro 18k,Cadenas,40068,215000,3,Catalogo Oro\Cadenas\40068
Oro 18k,Cadenas,44898,415000,4,Catalogo Oro\Cadenas\44898
Oro 18k,Cadenas,40058,155000,3,Catalogo Oro\Cadenas\40058
Oro 18k,Cadenas,45066,215000,3,Catalogo Oro\Cadenas\45066
Oro 18k,Cadenas,44041,95000,4,Catalogo Oro\Cadenas\44041
Oro 18k,Cadenas,43786,315000,3,Catalogo Oro\Cadenas\43786
Oro 18k,Cadenas,40088,195000,3,Catalogo Oro\Cadenas\40088
Oro 18k,Cadenas,43058,215000,3,Catalogo Oro\Cadenas\43058
Oro 18k,Cadenas,43033,195000,2,Catalogo Oro\Cadenas\43033
Oro 18k,Cadenas,45043,915000,3,Catalogo Oro\Cadenas\45043
Oro 18k,Cadenas,40766,105000,3,Catalogo Oro\Cadenas\40766
Oro 18k,Cadenas,45128,295000,3,Catalogo Oro\Cadenas\45128
Oro 18k,Cadenas,40006,155000,4,Catalogo Oro\Cadenas\40006
Oro 18k,Cadenas,43011,295000,5,Catalogo Oro\Cadenas\43011
Oro 18k,Cadenas,43106,115000,4,Catalogo Oro\Cadenas\43106
Oro 18k,Cadenas,43833,295000,5,Catalogo Oro\Cadenas\43833
Oro 18k,Cadenas,43886,215000,5,Catalogo Oro\Cadenas\43886
Oro 18k,Cadenas,40038,295000,3,Catalogo Oro\Cadenas\40038
Oro 18k,Cadenas,44888,565000,5,Catalogo Oro\Cadenas\44888
Oro 18k,Cadenas,44006,175000,8,Catalogo Oro\Cadenas\44006
Oro 18k,Cadenas,45156,105000,1,Catalogo Oro\Cadenas\45156
Oro 18k,Cadenas,44068,415000,7,Catalogo Oro\Cadenas\44068
Oro 18k,Cadenas,40001,105000,3,Catalogo Oro\Cadenas\40001
Oro 18k,Cadenas,45151,135000,3,Catalogo Oro\Cadenas\45151
Oro 18k,Cadenas,45153,175000,3,Catalogo Oro\Cadenas\45153
Oro 18k,Cadenas,46881,195000,2,Catalogo Oro\Cadenas\46881
Oro 18k,Cadenas,45203,195000,3,Catalogo Oro\Cadenas\45203
Oro 18k,Cadenas,46883,275000,1,Catalogo Oro\Cadenas\46883
Oro 18k,Cadenas,45121,115000,3,Catalogo Oro\Cadenas\45121
Oro 18k,Cadenas,43888,265000,3,Catalogo Oro\Cadenas\43888
Oro 18k,Cadenas,40051,105000,3,Catalogo Oro\Cadenas\40051
Oro 18k,Cadenas,45313,475000,1,Catalogo Oro\Cadenas\45313
Oro 18k,Cadenas,45333,275000,3,Catalogo Oro\Cadenas\45333
Oro 18k,Cadenas,45331,215000,3,Catalogo Oro\Cadenas\45331
Oro 18k,Cadenas,45041,565000,3,Catalogo Oro\Cadenas\45041
Oro 18k,Cadenas,45068,275000,3,Catalogo Oro\Cadenas\45068
Oro 18k,Cadenas,45011,105000,3,Catalogo Oro\Cadenas\45011
Oro 18k,Cadenas,45223,295000,3,Catalogo Oro\Cadenas\45223
Oro 18k,Cadenas,44293,175000,5,Catalogo Oro\Cadenas\44293
Oro 18k,Cadenas,46521,195000,3,Catalogo Oro\Cadenas\46521
Oro 18k,Cadenas,42556,105000,3,Catalogo Oro\Cadenas\42556
Oro 18k,Cadenas,44768,335000,5,Catalogo Oro\Cadenas\44768
Oro 18k,Cadenas,40056,115000,4,Catalogo Oro\Cadenas\40056
Oro 18k,Cadenas,45213,295000,2,Catalogo Oro\Cadenas\45213
Oro 18k,Cadenas,45063,155000,3,Catalogo Oro\Cadenas\45063
Oro 18k,Conjunto,63002,100000,5,Catalogo Oro\Conjunto\63002
Oro 18k,Conjunto,63003,100000,5,Catalogo Oro\Conjunto\63003
Oro 18k,Conjunto,60001,75000,3,Catalogo Oro\Conjunto\60001
Oro 18k,Conjunto,60000,75000,3,Catalogo Oro\Conjunto\60000
Oro 18k,Conjunto,71562,175000,2,Catalogo Oro\Conjunto\71562
Oro 18k,Denario,90006,125000,4,Catalogo Oro\Denario\90006
Oro 18k,Dijes,26360-C,35000,3,Catalogo Oro\Dijes\26360-C
Oro 18k,Dijes,25360-W,50000,4,Catalogo Oro\Dijes\25360-W
Oro 18k,Dijes,23297,50000,4,Catalogo Oro\Dijes\23297
Oro 18k,Dijes,23354,60000,3,Catalogo Oro\Dijes\23354
Oro 18k,Dijes,23320,65000,4,Catalogo Oro\Dijes\23320
Oro 18k,Dijes,23368,65000,3,Catalogo Oro\Dijes\23368
Oro 18k,Dijes,20008,50000,2,Catalogo Oro\Dijes\20008
Oro 18k,Dijes,23317,85000,3,Catalogo Oro\Dijes\23317
Oro 18k,Dijes,23381,60000,3,Catalogo Oro\Dijes\23381
Oro 18k,Dijes,24463,60000,3,Catalogo Oro\Dijes\24463
Oro 18k,Dijes,26360-I,35000,5,Catalogo Oro\Dijes\26360-I
Oro 18k,Dijes,23183,55000,5,Catalogo Oro\Dijes\23183
Oro 18k,Dijes,23312,75000,3,Catalogo Oro\Dijes\23312
Oro 18k,Dijes,23356,65000,4,Catalogo Oro\Dijes\23356
Oro 18k,Dijes,25360-U,50000,4,Catalogo Oro\Dijes\25360-U
Oro 18k,Dijes,24360-N,65000,3,Catalogo Oro\Dijes\24360-N
Oro 18k,Dijes,23361,45000,4,Catalogo Oro\Dijes\23361
Oro 18k,Dijes,23318,75000,3,Catalogo Oro\Dijes\23318
Oro 18k,Dijes,23370-N,60000,3,Catalogo Oro\Dijes\23370-N
Oro 18k,Dijes,26360-H,35000,3,Catalogo Oro\Dijes\26360-H
Oro 18k,Dijes,23370-S,60000,3,Catalogo Oro\Dijes\23370-S
Oro 18k,Dijes,23333,70000,2,Catalogo Oro\Dijes\23333
Oro 18k,Dijes,23373,100000,3,Catalogo Oro\Dijes\23373
Oro 18k,Dijes,23216,95000,4,Catalogo Oro\Dijes\23216
Oro 18k,Dijes,23337,100000,4,Catalogo Oro\Dijes\23337
Oro 18k,Dijes,23164,70000,3,Catalogo Oro\Dijes\23164
Oro 18k,Dijes,27360-R,45000,1,Catalogo Oro\Dijes\27360-R
Oro 18k,Dijes,23178,55000,4,Catalogo Oro\Dijes\23178
Oro 18k,Dijes,23326,60000,3,Catalogo Oro\Dijes\23326
Oro 18k,Dijes,23128-AZUL,70000,5,Catalogo Oro\Dijes\23128-AZUL
Oro 18k,Dijes,23068-CRISTAL,65000,5,Catalogo Oro\Dijes\23068-CRISTAL
Oro 18k,Dijes,23223,80000,3,Catalogo Oro\Dijes\23223
Oro 18k,Dijes,27360-C,45000,1,Catalogo Oro\Dijes\27360-C
Oro 18k,Dijes,23238,60000,1,Catalogo Oro\Dijes\23238
Oro 18k,Dijes,26360-D,35000,3,Catalogo Oro\Dijes\26360-D
Oro 18k,Dijes,23100,80000,5,Catalogo Oro\Dijes\23100
Oro 18k,Dijes,27360-P,45000,1,Catalogo Oro\Dijes\27360-P
Oro 18k,Dijes,23370-T,60000,3,Catalogo Oro\Dijes\23370-T
Oro 18k,Dijes,23121-CRISTAL,60000,3,Catalogo Oro\Dijes\23121-CRISTAL
Oro 18k,Dijes,23350,65000,3,Catalogo Oro\Dijes\23350
Oro 18k,Dijes,23080,55000,4,Catalogo Oro\Dijes\23080
Oro 18k,Dijes,25360-E,50000,5,Catalogo Oro\Dijes\25360-E
Oro 18k,Dijes,23174,65000,6,Catalogo Oro\Dijes\23174
Oro 18k,Dijes,25360-Z,50000,4,Catalogo Oro\Dijes\25360-Z
Oro 18k,Dijes,23273,60000,3,Catalogo Oro\Dijes\23273
Oro 18k,Dijes,26360-X,35000,3,Catalogo Oro\Dijes\26360-X
Oro 18k,Dijes,26360-W,35000,3,Catalogo Oro\Dijes\26360-W
Oro 18k,Dijes,23069-VERDE,65000,6,Catalogo Oro\Dijes\23069-VERDE
Oro 18k,Dijes,23189-COLORS,85000,4,Catalogo Oro\Dijes\23189-COLORS
Oro 18k,Dijes,23019,65000,6,Catalogo Oro\Dijes\23019
Oro 18k,Dijes,23364,50000,3,Catalogo Oro\Dijes\23364
Oro 18k,Dijes,23196,95000,5,Catalogo Oro\Dijes\23196
Oro 18k,Dijes,24476,65000,8,Catalogo Oro\Dijes\24476
Oro 18k,Dijes,23302,60000,3,Catalogo Oro\Dijes\23302
Oro 18k,Dijes,23173,75000,6,Catalogo Oro\Dijes\23173
Oro 18k,Dijes,23065,85000,6,Catalogo Oro\Dijes\23065
Oro 18k,Dijes,26360-K,35000,3,Catalogo Oro\Dijes\26360-K
Oro 18k,Dijes,23370-R,60000,3,Catalogo Oro\Dijes\23370-R
Oro 18k,Dijes,23069-CRISTAL,65000,6,Catalogo Oro\Dijes\23069-CRISTAL
Oro 18k,Dijes,26360-G,35000,5,Catalogo Oro\Dijes\26360-G
Oro 18k,Dijes,23175,55000,6,Catalogo Oro\Dijes\23175
Oro 18k,Dijes,23353,50000,4,Catalogo Oro\Dijes\23353
Oro 18k,Dijes,23251,65000,5,Catalogo Oro\Dijes\23251
Oro 18k,Dijes,23252,65000,5,Catalogo Oro\Dijes\23252
Oro 18k,Dijes,23347,60000,3,Catalogo Oro\Dijes\23347
Oro 18k,Dijes,23222,80000,4,Catalogo Oro\Dijes\23222
Oro 18k,Dijes,23224,90000,4,Catalogo Oro\Dijes\23224
Oro 18k,Dijes,23370-V,60000,3,Catalogo Oro\Dijes\23370-V
Oro 18k,Dijes,23270,60000,6,Catalogo Oro\Dijes\23270
Oro 18k,Dijes,23221,105000,3,Catalogo Oro\Dijes\23221
Oro 18k,Dijes,24541,60000,5,Catalogo Oro\Dijes\24541
Oro 18k,Dijes,23229,90000,5,Catalogo Oro\Dijes\23229
Oro 18k,Dijes,23358,50000,4,Catalogo Oro\Dijes\23358
Oro 18k,Dijes,23250,80000,3,Catalogo Oro\Dijes\23250
Oro 18k,Dijes,23226,80000,5,Catalogo Oro\Dijes\23226
Oro 18k,Dijes,23294,95000,6,Catalogo Oro\Dijes\23294
Oro 18k,Dijes,23083,75000,6,Catalogo Oro\Dijes\23083
Oro 18k,Dijes,23235,95000,4,Catalogo Oro\Dijes\23235
Oro 18k,Dijes,23359,50000,3,Catalogo Oro\Dijes\23359
Oro 18k,Dijes,23216-AZUL,95000,5,Catalogo Oro\Dijes\23216-AZUL
Oro 18k,Dijes,25360-O,50000,4,Catalogo Oro\Dijes\25360-O
Oro 18k,Dijes,26360-N,35000,7,Catalogo Oro\Dijes\26360-N
Oro 18k,Dijes,23314,90000,3,Catalogo Oro\Dijes\23314
Oro 18k,Dijes,25360-N,50000,4,Catalogo Oro\Dijes\25360-N
Oro 18k,Dijes,23355,65000,4,Catalogo Oro\Dijes\23355
Oro 18k,Dijes,24360-E,65000,5,Catalogo Oro\Dijes\24360-E
Oro 18k,Dijes,25360-P,50000,3,Catalogo Oro\Dijes\25360-P
Oro 18k,Dijes,23130-VERDE,70000,5,Catalogo Oro\Dijes\23130-VERDE
Oro 18k,Dijes,24360-R,65000,5,Catalogo Oro\Dijes\24360-R
Oro 18k,Dijes,23348,55000,2,Catalogo Oro\Dijes\23348
Oro 18k,Dijes,23189-VERDE,85000,4,Catalogo Oro\Dijes\23189-VERDE
Oro 18k,Dijes,23271,60000,3,Catalogo Oro\Dijes\23271
Oro 18k,Dijes,23370-I,60000,3,Catalogo Oro\Dijes\23370-I
Oro 18k,Dijes,23339,60000,3,Catalogo Oro\Dijes\23339
Oro 18k,Dijes,23346,80000,3,Catalogo Oro\Dijes\23346
Oro 18k,Dijes,26360-T,35000,3,Catalogo Oro\Dijes\26360-T
Oro 18k,Dijes,23305,75000,4,Catalogo Oro\Dijes\23305
Oro 18k,Dijes,23242,65000,5,Catalogo Oro\Dijes\23242
Oro 18k,Dijes,26360-U,35000,5,Catalogo Oro\Dijes\26360-U
Oro 18k,Dijes,20003,70000,3,Catalogo Oro\Dijes\20003
Oro 18k,Dijes,23217-VERDE,105000,4,Catalogo Oro\Dijes\23217-VERDE
Oro 18k,Dijes,23227,90000,3,Catalogo Oro\Dijes\23227
Oro 18k,Dijes,21684-CRISTAL,215000,3,Catalogo Oro\Dijes\21684-CRISTAL
Oro 18k,Dijes,23319,105000,3,Catalogo Oro\Dijes\23319
Oro 18k,Dijes,23186,55000,3,Catalogo Oro\Dijes\23186
Oro 18k,Dijes,23214,60000,6,Catalogo Oro\Dijes\23214
Oro 18k,Dijes,27360-V,45000,1,Catalogo Oro\Dijes\27360-V
Oro 18k,Dijes,23172,55000,4,Catalogo Oro\Dijes\23172
Oro 18k,Dijes,26360-E,35000,5,Catalogo Oro\Dijes\26360-E
Oro 18k,Dijes,24448-MATE,215000,1,Catalogo Oro\Dijes\24448-MATE
Oro 18k,Dijes,23395,70000,3,Catalogo Oro\Dijes\23395
Oro 18k,Dijes,20005,75000,3,Catalogo Oro\Dijes\20005
Oro 18k,Dijes,26360-O,35000,3,Catalogo Oro\Dijes\26360-O
Oro 18k,Dijes,23119,85000,3,Catalogo Oro\Dijes\23119
Oro 18k,Dijes,26360-F,35000,3,Catalogo Oro\Dijes\26360-F
Oro 18k,Dijes,27360-N,45000,1,Catalogo Oro\Dijes\27360-N
Oro 18k,Dijes,23394,60000,4,Catalogo Oro\Dijes\23394
Oro 18k,Dijes,23219,80000,4,Catalogo Oro\Dijes\23219
Oro 18k,Dijes,23306,105000,4,Catalogo Oro\Dijes\23306
Oro 18k,Dijes,23102,50000,5,Catalogo Oro\Dijes\23102
Oro 18k,Dijes,27360-E,45000,1,Catalogo Oro\Dijes\27360-E
Oro 18k,Dijes,23275,60000,3,Catalogo Oro\Dijes\23275
Oro 18k,Dijes,25360-T,50000,5,Catalogo Oro\Dijes\25360-T
Oro 18k,Dijes,23193,100000,4,Catalogo Oro\Dijes\23193
Oro 18k,Dijes,23383,60000,3,Catalogo Oro\Dijes\23383
Oro 18k,Dijes,23231,65000,4,Catalogo Oro\Dijes\23231
Oro 18k,Dijes,23370-Y,60000,3,Catalogo Oro\Dijes\23370-Y
Oro 18k,Dijes,23370-F,60000,3,Catalogo Oro\Dijes\23370-F
Oro 18k,Dijes,20002,50000,3,Catalogo Oro\Dijes\20002
Oro 18k,Dijes,23313,90000,3,Catalogo Oro\Dijes\23313
Oro 18k,Dijes,23319-COLORES,105000,3,Catalogo Oro\Dijes\23319-COLORES
Oro 18k,Dijes,23378,40000,3,Catalogo Oro\Dijes\23378
Oro 18k,Dijes,23259,50000,5,Catalogo Oro\Dijes\23259
Oro 18k,Dijes,23185,40000,5,Catalogo Oro\Dijes\23185
Oro 18k,Dijes,23360-P,65000,4,Catalogo Oro\Dijes\23360-P
Oro 18k,Dijes,23216-VERDE,95000,5,Catalogo Oro\Dijes\23216-VERDE
Oro 18k,Dijes,23377,100000,3,Catalogo Oro\Dijes\23377
Oro 18k,Dijes,23257-VERDE,80000,4,Catalogo Oro\Dijes\23257-VERDE
Oro 18k,Dijes,23304,85000,3,Catalogo Oro\Dijes\23304
Oro 18k,Dijes,26360-Z,35000,5,Catalogo Oro\Dijes\26360-Z
Oro 18k,Dijes,23274,55000,3,Catalogo Oro\Dijes\23274
Oro 18k,Dijes,23035-CRISTAL,105000,6,Catalogo Oro\Dijes\23035-CRISTAL
Oro 18k,Dijes,23336,70000,3,Catalogo Oro\Dijes\23336
Oro 18k,Dijes,23370-O,60000,3,Catalogo Oro\Dijes\23370-O
Oro 18k,Dijes,23330,70000,1,Catalogo Oro\Dijes\23330
Oro 18k,Dijes,23130-NEGRA,70000,4,Catalogo Oro\Dijes\23130-NEGRA
Oro 18k,Dijes,26360-J,35000,3,Catalogo Oro\Dijes\26360-J
Oro 18k,Dijes,26360-Y,35000,1,Catalogo Oro\Dijes\26360-Y
Oro 18k,Dijes,23370-L,60000,3,Catalogo Oro\Dijes\23370-L
Oro 18k,Dijes,26360-Q,35000,3,Catalogo Oro\Dijes\26360-Q
Oro 18k,Dijes,23177,55000,4,Catalogo Oro\Dijes\23177
Oro 18k,Dijes,26360-R,35000,3,Catalogo Oro\Dijes\26360-R
Oro 18k,Dijes,20004,95000,3,Catalogo Oro\Dijes\20004
Oro 18k,Dijes,23182-CRISTAL,55000,4,Catalogo Oro\Dijes\23182-CRISTAL
Oro 18k,Dijes,23310,175000,6,Catalogo Oro\Dijes\23310
Oro 18k,Dijes,23379,55000,3,Catalogo Oro\Dijes\23379
Oro 18k,Dijes,23182-VERDE,55000,4,Catalogo Oro\Dijes\23182-VERDE
Oro 18k,Dijes,23393,70000,3,Catalogo Oro\Dijes\23393
Oro 18k,Dijes,23225,65000,3,Catalogo Oro\Dijes\23225
Oro 18k,Dijes,23400,90000,3,Catalogo Oro\Dijes\23400
Oro 18k,Dijes,26360-P,35000,5,Catalogo Oro\Dijes\26360-P
Oro 18k,Dijes,23126,60000,4,Catalogo Oro\Dijes\23126
Oro 18k,Dijes,23220,90000,3,Catalogo Oro\Dijes\23220
Oro 18k,Dijes,23169-VERDE,40000,3,Catalogo Oro\Dijes\23169-VERDE
Oro 18k,Dijes,26360-L,35000,8,Catalogo Oro\Dijes\26360-L
Oro 18k,Dijes,23362,55000,3,Catalogo Oro\Dijes\23362
Oro 18k,Dijes,23148,65000,6,Catalogo Oro\Dijes\23148
Oro 18k,Dijes,23257-CRISTAL,80000,3,Catalogo Oro\Dijes\23257-CRISTAL
Oro 18k,Dijes,23188,100000,6,Catalogo Oro\Dijes\23188
Oro 18k,Dijes,26360-V,35000,3,Catalogo Oro\Dijes\26360-V
Oro 18k,Dijes,27360-L,45000,1,Catalogo Oro\Dijes\27360-L
Oro 18k,Dijes,23159,155000,6,Catalogo Oro\Dijes\23159
Oro 18k,Dijes,25360-V,50000,4,Catalogo Oro\Dijes\25360-V
Oro 18k,Dijes,23239,65000,2,Catalogo Oro\Dijes\23239
Oro 18k,Dijes,23062,50000,6,Catalogo Oro\Dijes\23062
Oro 18k,Dijes,24259,60000,3,Catalogo Oro\Dijes\24259
Oro 18k,Dijes,23325,70000,4,Catalogo Oro\Dijes\23325
Oro 18k,Dijes,24552,70000,28,Catalogo Oro\Dijes\24552
Oro 18k,Dijes,23301,70000,3,Catalogo Oro\Dijes\23301
Oro 18k,Dijes,23171-CRISTAL,105000,6,Catalogo Oro\Dijes\23171-CRISTAL
Oro 18k,Dijes,23382,70000,1,Catalogo Oro\Dijes\23382
Oro 18k,Dijes,20007,75000,3,Catalogo Oro\Dijes\20007
Oro 18k,Dijes,23390,65000,3,Catalogo Oro\Dijes\23390
Oro 18k,Dijes,23334,70000,3,Catalogo Oro\Dijes\23334
Oro 18k,Dijes,23316,80000,3,Catalogo Oro\Dijes\23316
Oro 18k,Dijes,23370-E,60000,3,Catalogo Oro\Dijes\23370-E
Oro 18k,Dijes,20006,65000,3,Catalogo Oro\Dijes\20006
Oro 18k,Dijes,23130-CRISTAL,70000,5,Catalogo Oro\Dijes\23130-CRISTAL
Oro 18k,Dijes,23335,70000,3,Catalogo Oro\Dijes\23335
Oro 18k,Dijes,21684-NEGRO,215000,3,Catalogo Oro\Dijes\21684-NEGRO
Oro 18k,Dijes,23332,60000,3,Catalogo Oro\Dijes\23332
Oro 18k,Dijes,23363,70000,3,Catalogo Oro\Dijes\23363
Oro 18k,Dijes,23315,80000,3,Catalogo Oro\Dijes\23315
Oro 18k,Dijes,23370-C,60000,3,Catalogo Oro\Dijes\23370-C
Oro 18k,Dijes,23266-FUCSIA,70000,3,Catalogo Oro\Dijes\23266-FUCSIA
Oro 18k,Dijes,23349,65000,2,Catalogo Oro\Dijes\23349
Oro 18k,Dijes,23309,135000,3,Catalogo Oro\Dijes\23309
Oro 18k,Dijes,23370-P,60000,3,Catalogo Oro\Dijes\23370-P
Oro 18k,Dijes,23132,80000,6,Catalogo Oro\Dijes\23132
Oro 18k,Dijes,23365,65000,3,Catalogo Oro\Dijes\23365
Oro 18k,Dijes,23206,60000,3,Catalogo Oro\Dijes\23206
Oro 18k,Dijes,23191,65000,5,Catalogo Oro\Dijes\23191
Oro 18k,Dijes,23176,50000,5,Catalogo Oro\Dijes\23176
Oro 18k,Dijes,23372,65000,4,Catalogo Oro\Dijes\23372
Oro 18k,Dijes,23052-CRISTAL,85000,6,Catalogo Oro\Dijes\23052-CRISTAL
Oro 18k,Dijes,23329,85000,1,Catalogo Oro\Dijes\23329
Oro 18k,Dijes,23321,75000,3,Catalogo Oro\Dijes\23321
Oro 18k,Dijes,23217-CRISTAL,105000,4,Catalogo Oro\Dijes\23217-CRISTAL
Oro 18k,Dijes,23277,60000,3,Catalogo Oro\Dijes\23277
Oro 18k,Dijes,26360-B,35000,3,Catalogo Oro\Dijes\26360-B
Oro 18k,Dijes,23068-VERDE,65000,5,Catalogo Oro\Dijes\23068-VERDE
Oro 18k,Dijes,23374,65000,1,Catalogo Oro\Dijes\23374
Oro 18k,Dijes,23360-R,65000,4,Catalogo Oro\Dijes\23360-R
Oro 18k,Dijes,23211,80000,3,Catalogo Oro\Dijes\23211
Oro 18k,Dijes,23167,55000,6,Catalogo Oro\Dijes\23167
Oro 18k,Dijes,23010,65000,6,Catalogo Oro\Dijes\23010
Oro 18k,Dijes,23401,60000,3,Catalogo Oro\Dijes\23401
Oro 18k,Dijes,25360-R,50000,5,Catalogo Oro\Dijes\25360-R
Oro 18k,Dijes,23099,75000,5,Catalogo Oro\Dijes\23099
Oro 18k,Duos,100002-NEGRO,50000,3,Catalogo Oro\Duos\100002-NEGRO
Oro 18k,Duos,100002-ROJO,50000,3,Catalogo Oro\Duos\100002-ROJO
Oro 18k,Exclusividades,30043,75000,1,Catalogo Oro\Exclusividades\30043
Oro 18k,Exclusividades,23162,70000,6,Catalogo Oro\Exclusividades\23162
Oro 18k,Exclusividades,34253,75000,5,Catalogo Oro\Exclusividades\34253
Oro 18k,Exclusividades,23253,60000,6,Catalogo Oro\Exclusividades\23253
Oro 18k,Exclusividades,34239,70000,5,Catalogo Oro\Exclusividades\34239
Oro 18k,Exclusividades,33542,60000,6,Catalogo Oro\Exclusividades\33542
Oro 18k,Exclusividades,34222,65000,5,Catalogo Oro\Exclusividades\34222
Oro 18k,Exclusividades,30370,65000,3,Catalogo Oro\Exclusividades\30370
Oro 18k,Exclusividades,34122,50000,5,Catalogo Oro\Exclusividades\34122
Oro 18k,Exclusividades,34153,60000,5,Catalogo Oro\Exclusividades\34153
Oro 18k,Exclusividades,34243,65000,5,Catalogo Oro\Exclusividades\34243
Oro 18k,Exclusividades,23341,75000,3,Catalogo Oro\Exclusividades\23341
Oro 18k,Exclusividades,22486,50000,1,Catalogo Oro\Exclusividades\22486
Oro 18k,Exclusividades,23386,70000,3,Catalogo Oro\Exclusividades\23386
Oro 18k,Exclusividades,34162,70000,6,Catalogo Oro\Exclusividades\34162
Oro 18k,Exclusividades,23122,70000,5,Catalogo Oro\Exclusividades\23122
Oro 18k,Exclusividades,23441,40000,22,Catalogo Oro\Exclusividades\23441
Oro 18k,Exclusividades,34241,70000,6,Catalogo Oro\Exclusividades\34241
Oro 18k,Exclusividades,20001,85000,3,Catalogo Oro\Exclusividades\20001
Oro 18k,Exclusividades,30051,65000,5,Catalogo Oro\Exclusividades\30051
Oro 18k,Exclusividades,34212,65000,4,Catalogo Oro\Exclusividades\34212
Oro 18k,Exclusividades,23157-VERDE,45000,7,Catalogo Oro\Exclusividades\23157-VERDE
Oro 18k,Exclusividades,34250,75000,1,Catalogo Oro\Exclusividades\34250
Oro 18k,Exclusividades,23081,60000,5,Catalogo Oro\Exclusividades\23081
Oro 18k,Exclusividades,30367,65000,3,Catalogo Oro\Exclusividades\30367
Oro 18k,Exclusividades,23154,65000,4,Catalogo Oro\Exclusividades\23154
Oro 18k,Exclusividades,23201-CRISTAL,70000,6,Catalogo Oro\Exclusividades\23201-CRISTAL
Oro 18k,Exclusividades,23281,75000,5,Catalogo Oro\Exclusividades\23281
Oro 18k,Exclusividades,34019,70000,5,Catalogo Oro\Exclusividades\34019
Oro 18k,Exclusividades,23170,60000,5,Catalogo Oro\Exclusividades\23170
Oro 18k,Exclusividades,23279,70000,6,Catalogo Oro\Exclusividades\23279
Oro 18k,Exclusividades,23351,70000,4,Catalogo Oro\Exclusividades\23351
Oro 18k,Exclusividades,23157-CRISTAL,45000,4,Catalogo Oro\Exclusividades\23157-CRISTAL
Oro 18k,Exclusividades,30368,65000,4,Catalogo Oro\Exclusividades\30368
Oro 18k,Exclusividades,34063,70000,4,Catalogo Oro\Exclusividades\34063
Oro 18k,Exclusividades,34145-CRISTAL,75000,3,Catalogo Oro\Exclusividades\34145-CRISTAL
Oro 18k,Exclusividades,34208,45000,3,Catalogo Oro\Exclusividades\34208
Oro 18k,Exclusividades,23268,65000,4,Catalogo Oro\Exclusividades\23268
Oro 18k,Exclusividades,23247,80000,6,Catalogo Oro\Exclusividades\23247
Oro 18k,Exclusividades,34290,80000,3,Catalogo Oro\Exclusividades\34290
Oro 18k,Exclusividades,34216,60000,4,Catalogo Oro\Exclusividades\34216
Oro 18k,Exclusividades,23303,65000,4,Catalogo Oro\Exclusividades\23303
Oro 18k,Exclusividades,23201-NEGRO,70000,6,Catalogo Oro\Exclusividades\23201-NEGRO
Oro 18k,Exclusividades,34244,60000,1,Catalogo Oro\Exclusividades\34244
Oro 18k,Exclusividades,23246,95000,4,Catalogo Oro\Exclusividades\23246
Oro 18k,Exclusividades,34263,70000,1,Catalogo Oro\Exclusividades\34263
Oro 18k,Exclusividades,23278-CRISTAL,55000,4,Catalogo Oro\Exclusividades\23278-CRISTAL
Oro 18k,Exclusividades,23298,70000,5,Catalogo Oro\Exclusividades\23298
Oro 18k,Exclusividades,34148,70000,5,Catalogo Oro\Exclusividades\34148
Oro 18k,Exclusividades,34213,65000,4,Catalogo Oro\Exclusividades\34213
Oro 18k,Exclusividades,34142,65000,4,Catalogo Oro\Exclusividades\34142
Oro 18k,Exclusividades,34098,65000,5,Catalogo Oro\Exclusividades\34098
Oro 18k,Exclusividades,23007,65000,29,Catalogo Oro\Exclusividades\23007
Oro 18k,Exclusividades,23262,65000,5,Catalogo Oro\Exclusividades\23262
Oro 18k,Exclusividades,30004,75000,2,Catalogo Oro\Exclusividades\30004
Oro 18k,Exclusividades,30006-CRISTAL,75000,2,Catalogo Oro\Exclusividades\30006-CRISTAL
Oro 18k,Exclusividades,23202,70000,4,Catalogo Oro\Exclusividades\23202
Oro 18k,Exclusividades,34207,60000,6,Catalogo Oro\Exclusividades\34207
Oro 18k,Exclusividades,23038-CRISTAL,105000,4,Catalogo Oro\Exclusividades\23038-CRISTAL
Oro 18k,Exclusividades,34156,70000,5,Catalogo Oro\Exclusividades\34156
Oro 18k,Exclusividades,23163,65000,1,Catalogo Oro\Exclusividades\23163
Oro 18k,Exclusividades,23208,70000,7,Catalogo Oro\Exclusividades\23208
Oro 18k,Exclusividades,23150,40000,4,Catalogo Oro\Exclusividades\23150
Oro 18k,Exclusividades,34147,60000,5,Catalogo Oro\Exclusividades\34147
Oro 18k,Exclusividades,23187,55000,6,Catalogo Oro\Exclusividades\23187
Oro 18k,Exclusividades,34210,65000,4,Catalogo Oro\Exclusividades\34210
Oro 18k,Exclusividades,45288,120000,1,Catalogo Oro\Exclusividades\45288
Oro 18k,Exclusividades,23168,70000,5,Catalogo Oro\Exclusividades\23168
Oro 18k,Exclusividades,30005,70000,3,Catalogo Oro\Exclusividades\30005
Oro 18k,Exclusividades,23801,85000,11,Catalogo Oro\Exclusividades\23801
Oro 18k,Exclusividades,30012,55000,6,Catalogo Oro\Exclusividades\30012
Oro 18k,Exclusividades,24901,65000,15,Catalogo Oro\Exclusividades\24901
Oro 18k,Exclusividades,23037,80000,5,Catalogo Oro\Exclusividades\23037
Oro 18k,Exclusividades,23046,65000,7,Catalogo Oro\Exclusividades\23046
Oro 18k,Exclusividades,23205,60000,5,Catalogo Oro\Exclusividades\23205
Oro 18k,Exclusividades,34237,75000,1,Catalogo Oro\Exclusividades\34237
Oro 18k,Exclusividades,23228,80000,5,Catalogo Oro\Exclusividades\23228
Oro 18k,Exclusividades,23248,65000,1,Catalogo Oro\Exclusividades\23248
Oro 18k,Exclusividades,22496,60000,5,Catalogo Oro\Exclusividades\22496
Oro 18k,Exclusividades,23244,70000,5,Catalogo Oro\Exclusividades\23244
Oro 18k,Exclusividades,23352,75000,1,Catalogo Oro\Exclusividades\23352
Oro 18k,Exclusividades,24544,70000,6,Catalogo Oro\Exclusividades\24544
Oro 18k,Exclusividades,34064,65000,4,Catalogo Oro\Exclusividades\34064
Oro 18k,Exclusividades,34036,55000,7,Catalogo Oro\Exclusividades\34036
Oro 18k,Exclusividades,23043,60000,10,Catalogo Oro\Exclusividades\23043
Oro 18k,Exclusividades,23331,65000,2,Catalogo Oro\Exclusividades\23331
Oro 18k,Exclusividades,34236,70000,6,Catalogo Oro\Exclusividades\34236
Oro 18k,Exclusividades,23276,65000,2,Catalogo Oro\Exclusividades\23276
Oro 18k,Exclusividades,34206,60000,1,Catalogo Oro\Exclusividades\34206
Oro 18k,Exclusividades,30042-VERDE,70000,1,Catalogo Oro\Exclusividades\30042-VERDE
Oro 18k,Exclusividades,30042-CRISTAL,70000,1,Catalogo Oro\Exclusividades\30042-CRISTAL
Oro 18k,Exclusividades,23291,55000,5,Catalogo Oro\Exclusividades\23291
Oro 18k,Exclusividades,23237,65000,5,Catalogo Oro\Exclusividades\23237
Oro 18k,Exclusividades,34242,75000,5,Catalogo Oro\Exclusividades\34242
Oro 18k,Exclusividades,23366,50000,4,Catalogo Oro\Exclusividades\23366
Oro 18k,Exclusividades,34240,70000,6,Catalogo Oro\Exclusividades\34240
Oro 18k,Exclusividades,23113,65000,4,Catalogo Oro\Exclusividades\23113
Oro 18k,Exclusividades,34105,60000,6,Catalogo Oro\Exclusividades\34105
Oro 18k,Exclusividades,23106,60000,6,Catalogo Oro\Exclusividades\23106
Oro 18k,Exclusividades,30039,65000,1,Catalogo Oro\Exclusividades\30039
Oro 18k,Exclusividades,34060,65000,7,Catalogo Oro\Exclusividades\34060
Oro 18k,Exclusividades,23380,105000,1,Catalogo Oro\Exclusividades\23380
Oro 18k,Exclusividades,23218,65000,6,Catalogo Oro\Exclusividades\23218
Oro 18k,Exclusividades,23105,60000,4,Catalogo Oro\Exclusividades\23105
Oro 18k,Exclusividades,34146,65000,5,Catalogo Oro\Exclusividades\34146
Oro 18k,Pulseras,55037,175000,2,Catalogo Oro\Pulseras\55037
Oro 18k,Pulseras,55156,65000,1,Catalogo Oro\Pulseras\55156
Oro 18k,Pulseras,55036,145000,3,Catalogo Oro\Pulseras\55036
Oro 18k,Pulseras,56032,195000,3,Catalogo Oro\Pulseras\56032
Oro 18k,Pulseras,55121,65000,3,Catalogo Oro\Pulseras\55121
Oro 18k,Pulseras,50025-VERDE,175000,4,Catalogo Oro\Pulseras\50025-VERDE
Oro 18k,Pulseras,55057,135000,0,Catalogo Oro\Pulseras\55057
Oro 18k,Pulseras,54071,115000,3,Catalogo Oro\Pulseras\54071
Oro 18k,Pulseras,50096,115000,3,Catalogo Oro\Pulseras\50096
Oro 18k,Pulseras,50036,85000,3,Catalogo Oro\Pulseras\50036
Oro 18k,Pulseras,50066,95000,4,Catalogo Oro\Pulseras\50066
Oro 18k,Pulseras,53887,125000,3,Catalogo Oro\Pulseras\53887
Oro 18k,Pulseras,55067,135000,4,Catalogo Oro\Pulseras\55067
Oro 18k,Pulseras,50006,95000,2,Catalogo Oro\Pulseras\50006
Oro 18k,Pulseras,54111,95000,4,Catalogo Oro\Pulseras\54111
Oro 18k,Pulseras,50076,75000,3,Catalogo Oro\Pulseras\50076
Oro 18k,Pulseras,55026,115000,3,Catalogo Oro\Pulseras\55026
Oro 18k,Pulseras,55027,125000,3,Catalogo Oro\Pulseras\55027
Oro 18k,Pulseras,50067,125000,4,Catalogo Oro\Pulseras\50067
Oro 18k,Pulseras,55031,65000,1,Catalogo Oro\Pulseras\55031
Oro 18k,Pulseras,54887,245000,8,Catalogo Oro\Pulseras\54887
Oro 18k,Pulseras,50018,175000,3,Catalogo Oro\Pulseras\50018
Oro 18k,Pulseras,50061,115000,3,Catalogo Oro\Pulseras\50061
Oro 18k,Pulseras,50056,115000,4,Catalogo Oro\Pulseras\50056
Oro 18k,Pulseras,50027-CRISTAL,155000,5,Catalogo Oro\Pulseras\50027-CRISTAL
Oro 18k,Pulseras,50025-COLORS,175000,4,Catalogo Oro\Pulseras\50025-COLORS
Oro 18k,Pulseras,55077,95000,1,Catalogo Oro\Pulseras\55077
Oro 18k,Pulseras,55151,75000,4,Catalogo Oro\Pulseras\55151
Oro 18k,Pulseras,55032,90000,1,Catalogo Oro\Pulseras\55032
Oro 18k,Pulseras,54751,100000,3,Catalogo Oro\Pulseras\54751
Oro 18k,Pulseras,50003-ROJO,85000,3,Catalogo Oro\Pulseras\50003-ROJO
Oro 18k,Pulseras,50026,75000,3,Catalogo Oro\Pulseras\50026
Oro 18k,Pulseras,55042,265000,3,Catalogo Oro\Pulseras\55042
Oro 18k,Pulseras,54041,85000,2,Catalogo Oro\Pulseras\54041
Oro 18k,Pulseras,50087,85000,3,Catalogo Oro\Pulseras\50087
Oro 18k,Pulseras,50030,115000,3,Catalogo Oro\Pulseras\50030
Oro 18k,Pulseras,50003-AZULTOMMY,85000,3,Catalogo Oro\Pulseras\50003-AZULTOMMY
Oro 18k,Pulseras,55011,65000,3,Catalogo Oro\Pulseras\55011
Oro 18k,Pulseras,50077,85000,3,Catalogo Oro\Pulseras\50077
Oro 18k,Pulseras,55061,75000,3,Catalogo Oro\Pulseras\55061
Oro 18k,Pulseras,55157,65000,1,Catalogo Oro\Pulseras\55157
Oro 18k,Pulseras,50011,75000,2,Catalogo Oro\Pulseras\50011
Oro 18k,Pulseras,56882,95000,1,Catalogo Oro\Pulseras\56882
Oro 18k,Pulseras,55152,85000,1,Catalogo Oro\Pulseras\55152
Oro 18k,Pulseras,56881,85000,1,Catalogo Oro\Pulseras\56881
Oro 18k,Pulseras,54101,135000,3,Catalogo Oro\Pulseras\54101
Oro 18k,Pulseras,50003-NEGRO,85000,3,Catalogo Oro\Pulseras\50003-NEGRO
Oro 18k,Pulseras,50007,90000,2,Catalogo Oro\Pulseras\50007
Oro 18k,Pulseras,55312,175000,1,Catalogo Oro\Pulseras\55312
Oro 18k,Pulseras,50051,80000,1,Catalogo Oro\Pulseras\50051
Oro 18k,Pulseras,55311,145000,1,Catalogo Oro\Pulseras\55311
Oro 18k,Pulseras,50016,75000,3,Catalogo Oro\Pulseras\50016
Oro 18k,Pulseras,55331,105000,3,Catalogo Oro\Pulseras\55331
Oro 18k,Pulseras,50002,135000,2,Catalogo Oro\Pulseras\50002
Oro 18k,Pulseras,50057,85000,4,Catalogo Oro\Pulseras\50057
Oro 18k,Pulseras,50037,105000,3,Catalogo Oro\Pulseras\50037
Oro 18k,Pulseras,50046,155000,3,Catalogo Oro\Pulseras\50046
Oro 18k,Pulseras,50086,195000,3,Catalogo Oro\Pulseras\50086
Oro 18k,Pulseras,50027-VERDE,155000,5,Catalogo Oro\Pulseras\50027-VERDE
Oro 18k,Pulseras,55332,125000,3,Catalogo Oro\Pulseras\55332
Oro 18k,Pulseras,55212,135000,2,Catalogo Oro\Pulseras\55212
Oro 18k,Pulseras,54007,395000,3,Catalogo Oro\Pulseras\54007
Oro 18k,Pulseras,50027-NEGRO,155000,5,Catalogo Oro\Pulseras\50027-NEGRO
Oro 18k,Pulseras,50041,145000,2,Catalogo Oro\Pulseras\50041
Oro 18k,Pulseras,50025-CRISTAL,175000,4,Catalogo Oro\Pulseras\50025-CRISTAL
Oro 18k,Pulseras,55222,135000,3,Catalogo Oro\Pulseras\55222
Oro 18k,Pulseras,53011,105000,5,Catalogo Oro\Pulseras\53011
Oro 18k,Rosarios,94034-VERDE,335000,8,Catalogo Oro\Rosarios\94034-VERDE
Oro 18k,Rosarios,94034-CRISTAL,335000,3,Catalogo Oro\Rosarios\94034-CRISTAL
Oro 18k,Rosarios,95036,335000,5,Catalogo Oro\Rosarios\95036
Oro 18k,Rosarios,90008,195000,4,Catalogo Oro\Rosarios\90008
Oro 18k,Tobilleras,50029,85000,3,Catalogo Oro\Tobilleras\50029
Oro 18k,Tobilleras,54004-CRISTAL,215000,3,Catalogo Oro\Tobilleras\54004-CRISTAL
Oro 18k,Tobilleras,54754,115000,3,Catalogo Oro\Tobilleras\54754
Oro 18k,Tobilleras,54069,145000,7,Catalogo Oro\Tobilleras\54069
Oro 18k,Tobilleras,54989,80000,5,Catalogo Oro\Tobilleras\54989
Oro 18k,Tobilleras,53984,100000,4,Catalogo Oro\Tobilleras\53984
Oro 18k,Tobilleras,54109,145000,3,Catalogo Oro\Tobilleras\54109
Oro 18k,Tobilleras,54004-VERDE,215000,4,Catalogo Oro\Tobilleras\54004-VERDE
Oro 18k,Tobilleras,54094,115000,2,Catalogo Oro\Tobilleras\54094
Oro 18k,Tobilleras,54014,135000,5,Catalogo Oro\Tobilleras\54014
Oro 18k,Tobilleras,54119,115000,2,Catalogo Oro\Tobilleras\54119
Oro 18k,Tobilleras,52889,115000,4,Catalogo Oro\Tobilleras\52889
Oro 18k,Tobilleras,53834,115000,5,Catalogo Oro\Tobilleras\53834
Oro 18k,Tobilleras,54079,135000,3,Catalogo Oro\Tobilleras\54079
Oro 18k,Tobilleras,54294,95000,5,Catalogo Oro\Tobilleras\54294
Oro 18k,Tobilleras,54874,85000,5,Catalogo Oro\Tobilleras\54874
Plata 925,Anillos,S-14023,175000,2,Catalogo Plata\Anillos\S-14023
Plata 925,Anillos,S-14025,195000,2,Catalogo Plata\Anillos\S-14025
Plata 925,Anillos,S-14019,215000,4,Catalogo Plata\Anillos\S-14019
Plata 925,Aretes,S-35007,80000,1,Catalogo Plata\Aretes\S-35007
Plata 925,Aretes,S-35006,80000,1,Catalogo Plata\Aretes\S-35006
Plata 925,Aretes,S-30015,75000,2,Catalogo Plata\Aretes\S-30015
Plata 925,Aretes,S-35012,80000,1,Catalogo Plata\Aretes\S-35012
Plata 925,Aretes,S-35011,80000,1,Catalogo Plata\Aretes\S-35011
Plata 925,Aretes,S-35009,80000,1,Catalogo Plata\Aretes\S-35009
Plata 925,Aretes,S-30009,60000,2,Catalogo Plata\Aretes\S-30009
Plata 925,Aretes,S-35008,80000,1,Catalogo Plata\Aretes\S-35008
Plata 925,Aretes,S-30003,95000,1,Catalogo Plata\Aretes\S-30003
Plata 925,Aretes,S-35004,45000,1,Catalogo Plata\Aretes\S-35004
Plata 925,Aretes,S-35003,35000,1,Catalogo Plata\Aretes\S-35003
Plata 925,Aretes,S-30011,80000,2,Catalogo Plata\Aretes\S-30011
Plata 925,Aretes,S-30012,35000,2,Catalogo Plata\Aretes\S-30012
Plata 925,Aretes,S-35002,33000,1,Catalogo Plata\Aretes\S-35002
Plata 925,Aretes,S-35001,30000,1,Catalogo Plata\Aretes\S-35001
Plata 925,Aretes,S-30111,115000,2,Catalogo Plata\Aretes\S-30111
Plata 925,Aretes,S-30013,45000,2,Catalogo Plata\Aretes\S-30013
Plata 925,Aretes,S-30014,50000,2,Catalogo Plata\Aretes\S-30014
Plata 925,Aretes,S-30001,135000,3,Catalogo Plata\Aretes\S-30001
Plata 925,Aretes,S-35010,80000,1,Catalogo Plata\Aretes\S-35010
Plata 925,Aretes,S-30008,65000,2,Catalogo Plata\Aretes\S-30008
Plata 925,Aretes,S-30010,50000,2,Catalogo Plata\Aretes\S-30010
Plata 925,Aretes,S-35005,125000,2,Catalogo Plata\Aretes\S-35005
Plata 925,Cadenas,S-45061,95000,1,Catalogo Plata\Cadenas\S-45061
Plata 925,Cadenas,S-45206,205000,1,Catalogo Plata\Cadenas\S-45206
Plata 925,Cadenas,S-45011,95000,2,Catalogo Plata\Cadenas\S-45011
Plata 925,Cadenas,S-46881,175000,1,Catalogo Plata\Cadenas\S-46881
Plata 925,Cadenas,S-45401,100000,2,Catalogo Plata\Cadenas\S-45401
Plata 925,Cadenas,S-45038,395000,2,Catalogo Plata\Cadenas\S-45038
Plata 925,Cadenas,S-45431,115000,2,Catalogo Plata\Cadenas\S-45431
Plata 925,Cadenas,S-45111,175000,1,Catalogo Plata\Cadenas\S-45111
Plata 925,Cadenas,S-45541,80000,1,Catalogo Plata\Cadenas\S-45541
Plata 925,Cadenas,S-45171,100000,2,Catalogo Plata\Cadenas\S-45171
Plata 925,Cadenas,S-45036,295000,2,Catalogo Plata\Cadenas\S-45036
Plata 925,Cadenas,S-45026,95000,3,Catalogo Plata\Cadenas\S-45026
Plata 925,Conjunto,S-75001,295000,2,Catalogo Plata\Conjunto\S-75001
Plata 925,Conjunto,S-75002,295000,2,Catalogo Plata\Conjunto\S-75002
Plata 925,Cruceros,S-25009,60000,2,Catalogo Plata\Cruceros\S-25009
Plata 925,Cruceros,S-25008,60000,1,Catalogo Plata\Cruceros\S-25008
Plata 925,Cruceros,S-25007,60000,2,Catalogo Plata\Cruceros\S-25007
Plata 925,Dijes,S-25020,55000,2,Catalogo Plata\Dijes\S-25020
Plata 925,Dijes,S-25006,45000,2,Catalogo Plata\Dijes\S-25006
Plata 925,Dijes,S-25001,60000,2,Catalogo Plata\Dijes\S-25001
Plata 925,Dijes,S-25019,55000,2,Catalogo Plata\Dijes\S-25019
Plata 925,Dijes,S-25004,75000,2,Catalogo Plata\Dijes\S-25004
Plata 925,Dijes,S-25002,60000,1,Catalogo Plata\Dijes\S-25002
Plata 925,Dijes,S-25018,55000,2,Catalogo Plata\Dijes\S-25018
Plata 925,Dijes,S-25003,60000,3,Catalogo Plata\Dijes\S-25003
Plata 925,Dijes,S-25015,90000,2,Catalogo Plata\Dijes\S-25015
Plata 925,Dijes,S-25005,60000,2,Catalogo Plata\Dijes\S-25005
Plata 925,Dijes,S-25016,90000,2,Catalogo Plata\Dijes\S-25016
Plata 925,Dijes,S-25017,55000,2,Catalogo Plata\Dijes\S-25017
Plata 925,Gargantilla,S-40082,215000,1,Catalogo Plata\Gargantilla\S-40082
Plata 925,Gargantilla,S-40008,195000,3,Catalogo Plata\Gargantilla\S-40008
Plata 925,Gargantilla,S-40062,215000,3,Catalogo Plata\Gargantilla\S-40062
Plata 925,Gargantilla,S-40006,265000,2,Catalogo Plata\Gargantilla\S-40006
Plata 925,Gargantilla,S-40005,195000,3,Catalogo Plata\Gargantilla\S-40005
Plata 925,Gargantilla,S-40002,135000,2,Catalogo Plata\Gargantilla\S-40002
Plata 925,Gargantilla,S-40092,215000,2,Catalogo Plata\Gargantilla\S-40092
Plata 925,Gargantilla,S-40003,115000,2,Catalogo Plata\Gargantilla\S-40003
Plata 925,Gargantilla,S-40007,315000,4,Catalogo Plata\Gargantilla\S-40007
Plata 925,Gargantilla,S-40072,215000,3,Catalogo Plata\Gargantilla\S-40072
Plata 925,Herrajes,S-25012,60000,1,Catalogo Plata\Herrajes\S-25012
Plata 925,Herrajes,S-25014,60000,1,Catalogo Plata\Herrajes\S-25014
Plata 925,Herrajes,S-25013,60000,1,Catalogo Plata\Herrajes\S-25013
Plata 925,Pulseras,S-55061,50000,1,Catalogo Plata\Pulseras\S-55061
Plata 925,Pulseras,S-55171,50000,1,Catalogo Plata\Pulseras\S-55171
Plata 925,Pulseras,S-55066,235000,2,Catalogo Plata\Pulseras\S-55066
Plata 925,Pulseras,S-56881,80000,2,Catalogo Plata\Pulseras\S-56881
Plata 925,Pulseras,S-55056,125000,1,Catalogo Plata\Pulseras\S-55056
Plata 925,Pulseras,S-55096,195000,2,Catalogo Plata\Pulseras\S-55096
Plata 925,Pulseras,S-50086,195000,1,Catalogo Plata\Pulseras\S-50086
Plata 925,Pulseras,S-50046,155000,1,Catalogo Plata\Pulseras\S-50046
Plata 925,Pulseras,S-55011,165000,2,Catalogo Plata\Pulseras\S-55011
Plata 925,Pulseras,S-55106,235000,2,Catalogo Plata\Pulseras\S-55106
Plata 925,Pulseras,S-50001,515000,3,Catalogo Plata\Pulseras\S-50001
Plata 925,Pulseras,S-55026,65000,3,Catalogo Plata\Pulseras\S-55026
Plata 925,Tobilleras,S-55009,165000,1,Catalogo Plata\Tobilleras\S-55009
